Actual,Predicted
0.0,3822.3974900110425
0.0,2548.7627113069257
0.0,2548.7627113069257
0.0,6140.950758581918
0.0,2548.7627113069257
8911.539999999999,13671.00612342536
11162.560000000001,3782.6332947460755
0.0,2548.7627113069257
0.0,2548.7627113069257
0.0,5352.159395860422
8797.99,14867.485383085435
0.0,5352.159395860422
1809.58,2548.7627113069257
8565.17,46132.48379852977
0.0,2548.7627113069257
0.0,3782.6332947460755
0.0,2548.7627113069257
0.0,5352.159395860422
0.0,2548.7627113069257
0.0,2548.7627113069257
0.0,2548.7627113069257
0.0,2548.7627113069257
68802.85,52188.66585889438
1773.36,8654.81797648511
0.0,2548.7627113069257
0.0,45691.287454560035
0.0,2548.7627113069257
0.0,2548.7627113069257
0.0,2548.7627113069257
49818.68,163684.1610681402
0.0,2548.7627113069257
0.0,5352.159395860422
0.0,2548.7627113069257
0.0,2548.7627113069257
0.0,2548.7627113069257
0.0,-728.6879090050712
0.0,2548.7627113069257
0.0,6105.5947508017025
0.0,2548.7627113069257
530.96,2548.7627113069257
0.0,2548.7627113069257
0.0,2548.7627113069257
0.0,2548.7627113069257
0.0,2548.7627113069257
0.0,3986.461545048783
84456.44,8642.95459560824
0.0,2548.7627113069257
0.0,2548.7627113069257
0.0,2548.7627113069257
2080.22,2548.7627113069257
0.0,2548.7627113069257
0.0,2548.7627113069257
0.0,2548.7627113069257
0.0,2548.7627113069257
0.0,2548.7627113069257
4268.99,-2679.717569837711
0.0,2548.7627113069257
0.0,2548.7627113069257
0.0,2548.7627113069257
0.0,2548.7627113069257
918.72,2548.7627113069257
266650.08,376337.87126367004
0.0,2548.7627113069257
0.0,2548.7627113069257
0.0,2548.7627113069257
0.0,2548.7627113069257
1253.15,3010.954326853197
0.0,2548.7627113069257
87468.04,55286.6650156761
0.0,2548.7627113069257
0.0,2548.7627113069257
0.0,12914.58795808786
0.0,96073.71927133478
0.0,2548.7627113069257
77578.51000000001,68093.37934224866
0.0,21844.793970817413
0.0,4536.068649687358
0.0,2548.7627113069257
0.0,2548.7627113069257
0.0,2548.7627113069257
1094.32,5352.159395860422
682.42,4536.068649687358
0.0,2548.7627113069257
0.0,2548.7627113069257
0.0,2548.7627113069257
0.0,2548.7627113069257
2625.74,2548.7627113069257
0.0,5352.159395860422
996273.55,185199.05986641214
0.0,2548.7627113069257
0.0,2548.7627113069257
1183.46,2950.9540587247575
0.0,3106.242492852198
0.0,2548.7627113069257
44463.84,72514.18773133245
5115.01,4536.068649687358
0.0,5352.159395860422
0.0,3106.242492852198
0.0,2548.7627113069257
0.0,3106.242492852198
0.0,2548.7627113069257
14109.89,77094.9796462317
0.0,2548.7627113069257
0.0,2548.7627113069257
0.0,2548.7627113069257
0.0,2548.7627113069257
766.12,9259.659098111793
0.0,2548.7627113069257
1248.46,2548.7627113069257
0.0,2950.9540587247575
0.0,2548.7627113069257
0.0,2548.7627113069257
0.0,4021.817552828999
3696.39,162277.13036339445
0.0,2548.7627113069257
0.0,2548.7627113069257
0.0,3822.3974900110425
0.0,2548.7627113069257
859321.84,157848.23071461968
0.0,23795.793992984225
0.0,2548.7627113069257
0.0,2548.7627113069257
0.0,2548.7627113069257
0.0,2548.7627113069257
0.0,4212.0946721258715
9834.8,3822.3974900110425
0.0,2548.7627113069257
0.0,3010.954326853197
0.0,2548.7627113069257
0.0,2548.7627113069257
0.0,5352.159395860422
0.0,2548.7627113069257
0.0,2548.7627113069257
0.0,2548.7627113069257
2522.7200000000003,6140.950758581918
0.0,2548.7627113069257
28028.73,33658.32272271525
0.0,105115.35380811557
0.0,2548.7627113069257
16984.6,24846.071686272364
0.0,2548.7627113069257
0.0,8190.031513586981
0.0,4021.817552828999
0.0,2548.7627113069257
14732.880000000001,5387.5154036406375
0.0,2548.7627113069257
0.0,2548.7627113069257
0.0,2548.7627113069257
67502.92,25922.38350817367
0.0,210692.40547511145
33232.36,6105.5947508017025
80036.42,280942.89507568144
0.0,2548.7627113069257
0.0,2548.7627113069257
1388.26,2548.7627113069257
0.0,2548.7627113069257
0.0,2548.7627113069257
0.0,2548.7627113069257
0.0,2548.7627113069257
0.0,2548.7627113069257
0.0,2548.7627113069257
0.0,2548.7627113069257
0.0,2548.7627113069257
0.0,2548.7627113069257
0.0,2548.7627113069257
74690.34,113061.61233392653
0.0,2548.7627113069257
0.0,2548.7627113069257
0.0,2548.7627113069257
3385.5299999999997,3010.954326853197
2303.44,5387.5154036406375
0.0,2548.7627113069257
37889.23,18702.159876544207
0.0,976.8249848213771
0.0,2548.7627113069257
0.0,22853.15643572699
45341.59,37923.85591444521
26606.36,67276.26001347233
0.0,2548.7627113069257
0.0,4021.817552828999
0.0,2548.7627113069257
0.0,2548.7627113069257
0.0,2548.7627113069257
3763.42,6140.950758581918
0.0,2548.7627113069257
39041.36,79964.63042480941
0.0,2548.7627113069257
0.0,2548.7627113069257
0.0,45928.63845484576
0.0,2548.7627113069257
0.0,4936.346178838639
0.0,12646.831178304144
0.0,2548.7627113069257
0.0,2548.7627113069257
0.0,2548.7627113069257
3636.26,4517.892406271262
0.0,2548.7627113069257
18538.6,156171.0620611983
0.0,2548.7627113069257
0.0,2548.7627113069257
0.0,2548.7627113069257
0.0,180232.41495409334
0.0,2548.7627113069257
0.0,2548.7627113069257
0.0,2548.7627113069257
0.0,2548.7627113069257
3876.1,2548.7627113069257
0.0,2548.7627113069257
1203.08,5352.159395860422
94106.74,32173.283498439443
0.0,2548.7627113069257
0.0,2548.7627113069257
0.0,2548.7627113069257
97191.09,227214.99940325905
0.0,2548.7627113069257
999.38,3010.954326853197
1021.67,3782.6332947460755
15242.46,86319.52674057444
0.0,2548.7627113069257
0.0,2548.7627113069257
0.0,3782.6332947460755
0.0,3986.461545048783
0.0,2548.7627113069257
0.0,2548.7627113069257
0.0,10560.191388738063
9778.64,61904.08059991816
0.0,2548.7627113069257
0.0,2548.7627113069257
0.0,2548.7627113069257
0.0,3782.6332947460755
0.0,2548.7627113069257
0.0,2548.7627113069257
0.0,2548.7627113069257
0.0,22304.26599941382
151928.03,72526.82864540174
8485.66,84021.25241214731
0.0,3010.954326853197
2586.29,8358.163659102509
14002.02,5104.47736315287
0.0,2548.7627113069257
172807.66999999998,218417.330618727
97318.89,53349.850990229825
0.0,3782.6332947460755
0.0,2548.7627113069257
26540.17,133889.1473988261
102834.73,274192.4139473638
0.0,6033.861479221431
0.0,2548.7627113069257
19817.24,37102.70914604415
0.0,2548.7627113069257
0.0,2548.7627113069257
0.0,2548.7627113069257
0.0,2548.7627113069257
0.0,2548.7627113069257
0.0,2548.7627113069257
0.0,2548.7627113069257
37053.84,23951.2761884955
0.0,2548.7627113069257
0.0,3986.461545048783
0.0,2548.7627113069257
0.0,2548.7627113069257
0.0,2548.7627113069257
0.0,2548.7627113069257
424.3,3782.6332947460755
0.0,108506.55305849612
0.0,2548.7627113069257
0.0,2548.7627113069257
0.0,2548.7627113069257
0.0,2548.7627113069257
0.0,2950.9540587247575
0.0,2548.7627113069257
0.0,2548.7627113069257
0.0,3106.242492852198
0.0,2548.7627113069257
0.0,2548.7627113069257
0.0,2548.7627113069257
2223.41,97303.98403124308
0.0,2548.7627113069257
2790.19,6589.366095497961
0.0,2548.7627113069257
0.0,2548.7627113069257
0.0,2548.7627113069257
386759.59,89904.3500331372
1654.77,2548.7627113069257
30293.99,24492.763893574374
23656.32,13128.997617938521
0.0,259859.17914043172
0.0,5352.159395860422
0.0,2548.7627113069257
0.0,4021.817552828999
0.0,2548.7627113069257
424447.0,335079.18536088645
4303.86,5352.159395860422
0.0,2548.7627113069257
0.0,2548.7627113069257
0.0,2548.7627113069257
0.0,2548.7627113069257
0.0,2548.7627113069257
0.0,2548.7627113069257
0.0,2548.7627113069257
0.0,2548.7627113069257
0.0,2548.7627113069257
0.0,5352.159395860422
0.0,2548.7627113069257
0.0,5829.02561275127
10056.27,5352.159395860422
0.0,2548.7627113069257
0.0,2548.7627113069257
0.0,2548.7627113069257
0.0,2548.7627113069257
0.0,2548.7627113069257
0.0,6799.384725832138
0.0,3822.3974900110425
0.0,3782.6332947460755
0.0,21027.85590553202
0.0,2548.7627113069257
0.0,6105.5947508017025
0.0,2548.7627113069257
0.0,2934.003390509452
0.0,5352.159395860422
0.0,3010.954326853197
20169.16,43186.996251260454
0.0,2548.7627113069257
6137.35,86932.92620094033
0.0,2548.7627113069257
0.0,2548.7627113069257
7582.87,28707.149968058962
2049.91,5352.159395860422
0.0,2548.7627113069257
0.0,2548.7627113069257
0.0,2548.7627113069257
0.0,2548.7627113069257
0.0,30041.599103825116
2538.41,4575.832844952324
0.0,2548.7627113069257
0.0,2548.7627113069257
0.0,2548.7627113069257
32605.3,5387.5154036406375
0.0,3106.242492852198
0.0,2548.7627113069257
0.0,4351.042008211587
0.0,2548.7627113069257
0.0,2548.7627113069257
7252.200000000001,37954.77704086397
0.0,2548.7627113069257
5761.400000000001,5352.159395860422
0.0,2548.7627113069257
0.0,2548.7627113069257
0.0,3106.242492852198
0.0,2548.7627113069257
0.0,2548.7627113069257
0.0,2548.7627113069257
1495.68,39852.992528832074
0.0,2548.7627113069257
0.0,2548.7627113069257
0.0,4982.978082988755
0.0,2548.7627113069257
0.0,2548.7627113069257
116692.19,150733.58393979512
0.0,97197.90863045122
0.0,2548.7627113069257
0.0,2548.7627113069257
0.0,2548.7627113069257
0.0,2548.7627113069257
0.0,2548.7627113069257
0.0,2548.7627113069257
0.0,2548.7627113069257
0.0,2548.7627113069257
0.0,2548.7627113069257
0.0,2548.7627113069257
0.0,2548.7627113069257
0.0,2548.7627113069257
2807.13,5352.159395860422
0.0,3782.6332947460755
14512.17,5387.5154036406375
0.0,2548.7627113069257
0.0,2548.7627113069257
0.0,2548.7627113069257
0.0,2548.7627113069257
0.0,3106.242492852198
0.0,2548.7627113069257
1995.79,2548.7627113069257
3759.01,2548.7627113069257
0.0,2548.7627113069257
0.0,2548.7627113069257
0.0,2548.7627113069257
23111.54,61035.34526948877
0.0,2548.7627113069257
0.0,2548.7627113069257
0.0,2548.7627113069257
0.0,2548.7627113069257
0.0,2548.7627113069257
0.0,2548.7627113069257
0.0,2548.7627113069257
0.0,38725.661630186165
31177.239999999998,229231.23903141354
0.0,2548.7627113069257
5660.22,17768.25592986505
0.0,2548.7627113069257
0.0,2548.7627113069257
0.0,2548.7627113069257
0.0,3782.6332947460755
0.0,2548.7627113069257
0.0,2548.7627113069257
0.0,2934.003390509452
3678.71,2950.9540587247575
22826.27,14244.562167953049
0.0,2548.7627113069257
42705.46,34365.90406632304
0.0,2548.7627113069257
0.0,27993.17647878788
249445.62,50419.718768954175
1376.96,6105.5947508017025
0.0,2548.7627113069257
0.0,2548.7627113069257
0.0,5352.159395860422
0.0,2548.7627113069257
0.0,2548.7627113069257
0.0,2548.7627113069257
0.0,2548.7627113069257
0.0,47976.05709920918
0.0,2548.7627113069257
0.0,2548.7627113069257
0.0,2548.7627113069257
0.0,29905.43690177044
0.0,2548.7627113069257
0.0,2548.7627113069257
0.0,2548.7627113069257
0.0,2548.7627113069257
0.0,2548.7627113069257
17947.690000000002,4021.817552828999
0.0,2548.7627113069257
0.0,2548.7627113069257
149666.9,193692.78600264995
0.0,2548.7627113069257
0.0,8788.64669292488
0.0,2900.561921460326
0.0,2548.7627113069257
0.0,4536.068649687358
0.0,2548.7627113069257
0.0,2548.7627113069257
0.0,2548.7627113069257
0.0,2548.7627113069257
0.0,5387.5154036406375
0.0,2548.7627113069257
0.0,2548.7627113069257
0.0,3010.954326853197
0.0,2548.7627113069257
0.0,2548.7627113069257
0.0,2548.7627113069257
0.0,2548.7627113069257
0.0,2934.003390509452
0.0,2548.7627113069257
8392.779999999999,5352.159395860422
0.0,2548.7627113069257
0.0,2754.7482581890495
0.0,2548.7627113069257
0.0,2548.7627113069257
0.0,2548.7627113069257
0.0,2548.7627113069257
0.0,2548.7627113069257
0.0,2548.7627113069257
0.0,2548.7627113069257
53718.23,205923.3962995353
31684.620000000003,23896.88691073336
0.0,2548.7627113069257
2372.17,3254.626343660078
256240.79,346253.03488539136
0.0,2548.7627113069257
0.0,2548.7627113069257
0.0,2548.7627113069257
0.0,2548.7627113069257
0.0,2548.7627113069257
56746.22,18842.55105346491
0.0,2548.7627113069257
0.0,2548.7627113069257
0.0,2548.7627113069257
0.0,2548.7627113069257
785.74,5352.159395860422
0.0,2548.7627113069257
0.0,2548.7627113069257
0.0,2548.7627113069257
0.0,2548.7627113069257
1814.98,2548.7627113069257
0.0,2548.7627113069257
0.0,2548.7627113069257
0.0,2548.7627113069257
0.0,2548.7627113069257
0.0,74506.85559040167
4374.0599999999995,2950.9540587247575
0.0,2548.7627113069257
0.0,2548.7627113069257
0.0,2548.7627113069257
0.0,2548.7627113069257
0.0,3986.461545048783
3429.16,2548.7627113069257
0.0,2548.7627113069257
36069.63,2548.7627113069257
0.0,2548.7627113069257
0.0,2548.7627113069257
0.0,2548.7627113069257
0.0,3106.242492852198
0.0,2548.7627113069257
0.0,2548.7627113069257
27019.29,35601.88686924087
0.0,2548.7627113069257
0.0,33088.379390825285
0.0,2934.003390509452
0.0,2548.7627113069257
0.0,2548.7627113069257
0.0,2548.7627113069257
0.0,2548.7627113069257
0.0,2548.7627113069257
0.0,2548.7627113069257
0.0,2548.7627113069257
54840.880000000005,5352.159395860422
0.0,43149.81118286056
0.0,2548.7627113069257
425277.47000000003,74673.70488935972
0.0,2548.7627113069257
0.0,2548.7627113069257
5060.33,6105.5947508017025
0.0,2548.7627113069257
0.0,2548.7627113069257
1097.61,2548.7627113069257
0.0,2548.7627113069257
0.0,2548.7627113069257
0.0,2548.7627113069257
4570.06,3436.2264721235706
0.0,3010.954326853197
0.0,2548.7627113069257
553.87,2548.7627113069257
0.0,2548.7627113069257
0.0,2548.7627113069257
0.0,5352.159395860422
8870.5,3822.3974900110425
13280.5,16239.762649575738
0.0,2548.7627113069257
0.0,108406.16078150112
0.0,2548.7627113069257
0.0,2548.7627113069257
59955.66,35066.787291944194
0.0,2548.7627113069257
240933.62,97529.01262942087
0.0,2548.7627113069257
113175.76999999999,79964.63042480941
0.0,2548.7627113069257
0.0,2548.7627113069257
0.0,2548.7627113069257
0.0,2548.7627113069257
35572.020000000004,49479.92379601596
31624.410000000003,155026.41136377057
0.0,2548.7627113069257
0.0,2548.7627113069257
0.0,2548.7627113069257
0.0,2548.7627113069257
0.0,2548.7627113069257
0.0,2548.7627113069257
0.0,2548.7627113069257
0.0,2548.7627113069257
0.0,2548.7627113069257
0.0,2548.7627113069257
38704.4,52756.17851894545
0.0,3986.461545048783
0.0,4021.817552828999
0.0,3146.006688117165
0.0,2548.7627113069257
0.0,2548.7627113069257
0.0,6105.5947508017025
0.0,2548.7627113069257
76831.93,137660.2526016359
0.0,2934.003390509452
0.0,51176.67284148107
0.0,2548.7627113069257
0.0,2548.7627113069257
0.0,71479.69126434339
0.0,2548.7627113069257
0.0,2548.7627113069257
0.0,2548.7627113069257
0.0,2548.7627113069257
239000.31,181969.21476524603
0.0,2548.7627113069257
0.0,2548.7627113069257
0.0,2548.7627113069257
0.0,2548.7627113069257
0.0,2548.7627113069257
0.0,2548.7627113069257
4270.07,5387.5154036406375
0.0,2900.561921460326
0.0,2548.7627113069257
18383.5,90787.04987776848
0.0,2548.7627113069257
0.0,15480.664508839862
0.0,3986.461545048783
0.0,2548.7627113069257
0.0,2548.7627113069257
0.0,2548.7627113069257
0.0,2548.7627113069257
151595.47,211342.1802548927
0.0,14158.388358836693
0.0,4021.817552828999
0.0,2548.7627113069257
16397.74,19081.38976525795
0.0,2548.7627113069257
0.0,2548.7627113069257
53125.59,19503.956682824875
0.0,2548.7627113069257
0.0,17139.8700716373
30749.760000000002,191129.37489019128
1101.57,92188.84372513508
0.0,2548.7627113069257
0.0,2548.7627113069257
0.0,2548.7627113069257
0.0,2548.7627113069257
0.0,2548.7627113069257
0.0,2548.7627113069257
0.0,2548.7627113069257
0.0,2548.7627113069257
0.0,2548.7627113069257
0.0,2548.7627113069257
3234.28,8195.324829010713
186535.28,315649.21340376715
0.0,4536.068649687358
0.0,2548.7627113069257
0.0,2548.7627113069257
0.0,2548.7627113069257
0.0,2548.7627113069257
0.0,4021.817552828999
0.0,2548.7627113069257
0.0,2548.7627113069257
0.0,18282.20815653131
0.0,2548.7627113069257
0.0,2548.7627113069257
0.0,2548.7627113069257
0.0,2548.7627113069257
0.0,2548.7627113069257
17976.54,5998.505471441215
0.0,2548.7627113069257
0.0,2548.7627113069257
0.0,2934.003390509452
5530.52,5352.159395860422
0.0,2548.7627113069257
5131.84,5352.159395860422
0.0,2548.7627113069257
0.0,115079.55198949244
6395.41,3986.461545048783
0.0,2548.7627113069257
0.0,292329.559712752
0.0,7223.89954463058
0.0,2548.7627113069257
0.0,2548.7627113069257
0.0,2548.7627113069257
0.0,2548.7627113069257
21535.75,66301.22078091535
0.0,2548.7627113069257
0.0,3010.954326853197
0.0,2548.7627113069257
0.0,2548.7627113069257
0.0,5352.159395860422
0.0,2548.7627113069257
0.0,25011.15261972983
0.0,2934.003390509452
0.0,2548.7627113069257
54618.18,15690.743788384634
6741.74,5352.159395860422
0.0,2548.7627113069257
0.0,2548.7627113069257
0.0,2548.7627113069257
0.0,2548.7627113069257
0.0,2548.7627113069257
0.0,2548.7627113069257
0.0,2548.7627113069257
0.0,2548.7627113069257
0.0,2548.7627113069257
0.0,-2104.2583676083555
0.0,2548.7627113069257
0.0,2548.7627113069257
0.0,2548.7627113069257
0.0,2548.7627113069257
0.0,2548.7627113069257
0.0,2548.7627113069257
0.0,3822.3974900110425
0.0,2548.7627113069257
0.0,2548.7627113069257
0.0,194662.81446151662
0.0,2548.7627113069257
0.0,2548.7627113069257
0.0,2548.7627113069257
0.0,2548.7627113069257
0.0,2548.7627113069257
0.0,29383.495512283687
0.0,2548.7627113069257
0.0,2548.7627113069257
0.0,3986.461545048783
0.0,2548.7627113069257
0.0,2548.7627113069257
5367.64,5387.5154036406375
0.0,2548.7627113069257
0.0,2548.7627113069257
0.0,2548.7627113069257
0.0,2548.7627113069257
41591.54,5829.02561275127
0.0,2548.7627113069257
0.0,2548.7627113069257
0.0,2548.7627113069257
642111.27,317979.6753362742
0.0,2548.7627113069257
0.0,3822.3974900110425
0.0,2548.7627113069257
6867.01,2548.7627113069257
0.0,2548.7627113069257
0.0,2950.9540587247575
0.0,3986.461545048783
15176.07,5291.180323777651
0.0,2548.7627113069257
0.0,2548.7627113069257
2366.86,3010.954326853197
0.0,2548.7627113069257
0.0,2548.7627113069257
0.0,2548.7627113069257
0.0,2548.7627113069257
0.0,2548.7627113069257
0.0,2548.7627113069257
0.0,2548.7627113069257
0.0,2548.7627113069257
2834.86,3010.954326853197
9082.779999999999,2548.7627113069257
0.0,3986.461545048783
0.0,3986.461545048783
0.0,2548.7627113069257
0.0,2548.7627113069257
0.0,2548.7627113069257
0.0,2548.7627113069257
0.0,2548.7627113069257
0.0,2548.7627113069257
254346.1,123151.56339391303
0.0,2548.7627113069257
0.0,2950.9540587247575
0.0,2548.7627113069257
0.0,2548.7627113069257
108421.48000000001,161917.9009028247
0.0,3782.6332947460755
0.0,2548.7627113069257
0.0,2548.7627113069257
0.0,88071.3549783757
0.0,2548.7627113069257
51158.21,31213.81561975032
51251.44,180500.46391882942
0.0,2548.7627113069257
0.0,2548.7627113069257
0.0,2548.7627113069257
0.0,2548.7627113069257
0.0,2548.7627113069257
0.0,2548.7627113069257
0.0,2548.7627113069257
0.0,2548.7627113069257
4931.08,6105.5947508017025
0.0,2548.7627113069257
0.0,2548.7627113069257
0.0,2548.7627113069257
0.0,2548.7627113069257
0.0,5387.5154036406375
0.0,2548.7627113069257
0.0,2548.7627113069257
0.0,21362.88506937523
0.0,2548.7627113069257
398322.53,221921.864700279
0.0,2548.7627113069257
0.0,2548.7627113069257
0.0,2548.7627113069257
6208.56,18278.22354508799
0.0,2548.7627113069257
0.0,2548.7627113069257
0.0,2548.7627113069257
0.0,2548.7627113069257
0.0,13350.837105114426
0.0,2548.7627113069257
0.0,2548.7627113069257
0.0,2548.7627113069257
0.0,2548.7627113069257
0.0,2548.7627113069257
7121.700000000001,4351.042008211587
840156.2000000001,239647.11880479776
0.0,2548.7627113069257
0.0,2548.7627113069257
0.0,2548.7627113069257
1518.94,2548.7627113069257
173741.81,323915.9785941714
0.0,2548.7627113069257
0.0,2548.7627113069257
0.0,9232.246518891063
0.0,12260.84351131564
0.0,2548.7627113069257
0.0,2548.7627113069257
0.0,145140.2464580276
1326.04,2548.7627113069257
0.0,2548.7627113069257
870623.16,74960.92212302286
94429.03,60114.469801276784
0.0,80007.74553040267
247521.22999999998,141466.87920868845
0.0,2548.7627113069257
0.0,3146.006688117165
751.39,5352.159395860422
10888.0,36522.980365193034
0.0,2548.7627113069257
0.0,5352.159395860422
0.0,2548.7627113069257
33816.15,44573.27582574638
0.0,2548.7627113069257
0.0,2548.7627113069257
0.0,2548.7627113069257
0.0,2548.7627113069257
0.0,2548.7627113069257
29232.35,67036.50661018619
0.0,2548.7627113069257
1739.53,5352.159395860422
0.0,2548.7627113069257
0.0,2548.7627113069257
4214.23,5352.159395860422
0.0,2548.7627113069257
0.0,2548.7627113069257
0.0,2548.7627113069257
10850.33,4536.068649687358
0.0,2548.7627113069257
4294.24,22763.52738974586
0.0,2548.7627113069257
0.0,3986.461545048783
0.0,2548.7627113069257
0.0,2548.7627113069257
77291.70999999999,17075.72208670196
0.0,2548.7627113069257
0.0,2548.7627113069257
0.0,89358.42502361753
0.0,20211.293985530672
0.0,2548.7627113069257
0.0,2548.7627113069257
0.0,2548.7627113069257
0.0,4351.042008211587
0.0,2548.7627113069257
0.0,2548.7627113069257
0.0,2548.7627113069257
0.0,2548.7627113069257
0.0,2950.9540587247575
0.0,2548.7627113069257
0.0,2548.7627113069257
0.0,2548.7627113069257
0.0,2548.7627113069257
0.0,2548.7627113069257
5287.51,6140.950758581918
0.0,3010.954326853197
0.0,2548.7627113069257
55936.04,16543.96206971291
0.0,2548.7627113069257
0.0,2548.7627113069257
1761.96,5352.159395860422
15996.84,5387.5154036406375
41115.55,22116.6233888359
109832.37,142776.16878314194
0.0,3171.9270147507063
176420.48,88812.3605927045
15329.01,27435.18483837432
0.0,35224.976659059554
0.0,11897.905577546593
0.0,2548.7627113069257
0.0,2548.7627113069257
0.0,7950.21664105326
4484.86,14035.58417554549
579.84,-1058.1239990561248
0.0,2548.7627113069257
0.0,2548.7627113069257
0.0,2548.7627113069257
0.0,2548.7627113069257
0.0,2548.7627113069257
14604.36,2950.9540587247575
2243.67,3782.6332947460755
0.0,2548.7627113069257
0.0,2548.7627113069257
0.0,2548.7627113069257
0.0,2548.7627113069257
0.0,2548.7627113069257
0.0,2548.7627113069257
0.0,2548.7627113069257
27577.309999999998,43641.03586550837
0.0,2548.7627113069257
0.0,2548.7627113069257
0.0,2548.7627113069257
0.0,11613.898663943024
0.0,2548.7627113069257
14364.89,385827.69576269604
6520.96,317979.6753362742
0.0,3782.6332947460755
0.0,3010.954326853197
0.0,2548.7627113069257
0.0,2548.7627113069257
0.0,2548.7627113069257
0.0,2548.7627113069257
0.0,9616.404056371963
0.0,2548.7627113069257
0.0,2548.7627113069257
0.0,2548.7627113069257
0.0,2548.7627113069257
0.0,2548.7627113069257
0.0,2548.7627113069257
0.0,6105.5947508017025
71730.23,323138.58329597156
0.0,2548.7627113069257
0.0,2548.7627113069257
0.0,2548.7627113069257
0.0,2548.7627113069257
0.0,2548.7627113069257
0.0,2548.7627113069257
79280.87,38857.93996301889
0.0,2548.7627113069257
21559.62,2548.7627113069257
0.0,3822.3974900110425
0.0,3106.242492852198
0.0,2548.7627113069257
36912.71,5387.5154036406375
0.0,2548.7627113069257
0.0,3782.6332947460755
0.0,2548.7627113069257
0.0,2548.7627113069257
0.0,3782.6332947460755
0.0,2548.7627113069257
16007.84,39441.59114356705
0.0,3822.3974900110425
0.0,2548.7627113069257
697.72,6140.950758581918
2922.42,3782.6332947460755
0.0,2548.7627113069257
73926.17,208571.16778314777
0.0,95608.24889545768
0.0,-2990.5281814604646
0.0,2548.7627113069257
0.0,3146.006688117165
0.0,2548.7627113069257
0.0,2548.7627113069257
0.0,4428.979370326871
163341.53999999998,155450.79682570833
0.0,2548.7627113069257
0.0,2548.7627113069257
0.0,2548.7627113069257
0.0,2548.7627113069257
0.0,4546.740044139356
0.0,2548.7627113069257
10270.93,3782.6332947460755
0.0,2548.7627113069257
4085.95,5352.159395860422
13351.48,20270.184578687553
0.0,2548.7627113069257
0.0,2548.7627113069257
0.0,2548.7627113069257
0.0,2548.7627113069257
0.0,2548.7627113069257
0.0,2548.7627113069257
0.0,2548.7627113069257
0.0,95117.746651151
0.0,9331.016138181893
21509.72,6105.5947508017025
0.0,20657.896491539665
0.0,2548.7627113069257
0.0,2548.7627113069257
0.0,2548.7627113069257
0.0,7007.8468718474405
0.0,2548.7627113069257
0.0,2548.7627113069257
0.0,2548.7627113069257
0.0,2548.7627113069257
0.0,3986.461545048783
10634.98,2548.7627113069257
0.0,5387.5154036406375
0.0,2548.7627113069257
0.0,78983.70007311075
0.0,2548.7627113069257
0.0,2548.7627113069257
7108.33,3782.6332947460755
0.0,5352.159395860422
0.0,40134.207934408376
0.0,2548.7627113069257
0.0,2548.7627113069257
0.0,2548.7627113069257
0.0,3986.461545048783
187512.88,48020.816620532816
0.0,3254.626343660078
0.0,2548.7627113069257
0.0,2548.7627113069257
0.0,2548.7627113069257
0.0,2548.7627113069257
0.0,2548.7627113069257
0.0,2548.7627113069257
15555.43,5387.5154036406375
0.0,2548.7627113069257
0.0,2548.7627113069257
0.0,2548.7627113069257
0.0,60621.13556286549
4292.22,5352.159395860422
0.0,3744.010014479345
0.0,2548.7627113069257
0.0,2548.7627113069257
0.0,2548.7627113069257
102305.23,79540.23949934688
0.0,2548.7627113069257
52645.5,23785.47999780862
0.0,2548.7627113069257
0.0,2548.7627113069257
0.0,2548.7627113069257
0.0,2548.7627113069257
1344.25,2548.7627113069257
0.0,2548.7627113069257
0.0,2548.7627113069257
0.0,2548.7627113069257
0.0,2548.7627113069257
18972.42,33438.5434522748
1640.1799999999998,3822.3974900110425
0.0,2548.7627113069257
0.0,5387.5154036406375
0.0,3822.3974900110425
0.0,2548.7627113069257
0.0,2548.7627113069257
0.0,2548.7627113069257
0.0,2548.7627113069257
0.0,3782.6332947460755
0.0,3986.461545048783
0.0,2548.7627113069257
0.0,2548.7627113069257
0.0,3782.6332947460755
0.0,2548.7627113069257
0.0,2548.7627113069257
50191.45,7588.5719656327765
0.0,2548.7627113069257
0.0,2548.7627113069257
0.0,2548.7627113069257
0.0,2548.7627113069257
0.0,3254.626343660078
643048.79,137660.2526016359
0.0,2548.7627113069257
1571.15,2548.7627113069257
0.0,2548.7627113069257
0.0,2548.7627113069257
2368.81,3782.6332947460755
0.0,2548.7627113069257
0.0,2548.7627113069257
355769.38,55654.55925102819
91629.25,121927.24667769895
0.0,2548.7627113069257
0.0,33168.70467544652
0.0,2548.7627113069257
0.0,2548.7627113069257
0.0,2548.7627113069257
0.0,2548.7627113069257
0.0,2548.7627113069257
147057.98,37536.183516947625
0.0,3986.461545048783
1796537.3,200090.14447195834
0.0,2548.7627113069257
0.0,2548.7627113069257
0.0,2548.7627113069257
0.0,2548.7627113069257
0.0,2548.7627113069257
0.0,2548.7627113069257
0.0,2548.7627113069257
0.0,4981.04255162699
0.0,2548.7627113069257
0.0,21146.24312043115
0.0,2548.7627113069257
18739.989999999998,5998.505471441215
0.0,3782.6332947460755
11504.71,3822.3974900110425
0.0,2548.7627113069257
0.0,3986.461545048783
0.0,2548.7627113069257
0.0,2548.7627113069257
44453.3,257165.50101745187
0.0,2548.7627113069257
0.0,3010.954326853197
821551.04,135980.79872552416
0.0,2548.7627113069257
0.0,2548.7627113069257
0.0,5352.159395860422
0.0,2548.7627113069257
0.0,22756.689710257586
0.0,2548.7627113069257
0.0,2548.7627113069257
0.0,2548.7627113069257
0.0,2548.7627113069257
0.0,2548.7627113069257
0.0,2548.7627113069257
0.0,2548.7627113069257
0.0,2548.7627113069257
0.0,2548.7627113069257
0.0,2548.7627113069257
5672.27,2548.7627113069257
0.0,2548.7627113069257
0.0,2548.7627113069257
0.0,2548.7627113069257
0.0,2548.7627113069257
0.0,2548.7627113069257
0.0,2548.7627113069257
0.0,2548.7627113069257
0.0,2548.7627113069257
0.0,2548.7627113069257
0.0,2548.7627113069257
0.0,3782.6332947460755
0.0,2548.7627113069257
0.0,2548.7627113069257
0.0,2548.7627113069257
0.0,2548.7627113069257
0.0,2548.7627113069257
248948.47,157414.91740596635
0.0,7948.903371256236
0.0,3782.6332947460755
0.0,2548.7627113069257
0.0,2548.7627113069257
0.0,2548.7627113069257
0.0,2548.7627113069257
0.0,64906.98623422652
0.0,44790.18536456187
0.0,2548.7627113069257
0.0,2548.7627113069257
0.0,2548.7627113069257
0.0,2548.7627113069257
0.0,2548.7627113069257
9763.41,6103.570940819491
0.0,3822.3974900110425
0.0,2548.7627113069257
0.0,2548.7627113069257
0.0,5352.159395860422
0.0,2548.7627113069257
5689.049999999999,3283.0213829294944
50862.14,96933.85904570481
120572.43,32563.77325279487
23315.35,18539.08064711963
0.0,2548.7627113069257
0.0,2548.7627113069257
0.0,2548.7627113069257
190211.74,18761.05772857305
0.0,2548.7627113069257
1259.76,2548.7627113069257
0.0,2548.7627113069257
8361.810000000001,4021.817552828999
0.0,2548.7627113069257
0.0,58125.00648186527
0.0,2548.7627113069257
0.0,6811.150719763484
0.0,2548.7627113069257
0.0,2548.7627113069257
0.0,2548.7627113069257
24332.0,12946.09399895524
0.0,210283.09559337486
0.0,2548.7627113069257
0.0,94794.35456221145
0.0,2548.7627113069257
0.0,2548.7627113069257
0.0,2548.7627113069257
6615.65,4536.068649687358
0.0,2548.7627113069257
0.0,5352.159395860422
0.0,2548.7627113069257
0.0,2548.7627113069257
0.0,2548.7627113069257
0.0,2548.7627113069257
0.0,2548.7627113069257
0.0,2548.7627113069257
4608.29,5352.159395860422
0.0,2548.7627113069257
11869.5,5352.159395860422
0.0,2548.7627113069257
0.0,2548.7627113069257
0.0,3010.954326853197
0.0,2548.7627113069257
0.0,3986.461545048783
0.0,2548.7627113069257
0.0,2548.7627113069257
0.0,2548.7627113069257
0.0,2548.7627113069257
0.0,2548.7627113069257
0.0,2548.7627113069257
0.0,2548.7627113069257
0.0,2548.7627113069257
0.0,2548.7627113069257
0.0,2548.7627113069257
0.0,2548.7627113069257
0.0,2548.7627113069257
0.0,2548.7627113069257
0.0,2548.7627113069257
756.35,3010.954326853197
0.0,2548.7627113069257
0.0,2548.7627113069257
1394.47,2548.7627113069257
0.0,2548.7627113069257
0.0,2548.7627113069257
0.0,2548.7627113069257
0.0,2548.7627113069257
0.0,2548.7627113069257
0.0,5352.159395860422
0.0,65228.58547182557
0.0,2548.7627113069257
0.0,2548.7627113069257
0.0,2548.7627113069257
0.0,2548.7627113069257
0.0,2548.7627113069257
0.0,2548.7627113069257
4698.04,2548.7627113069257
0.0,2548.7627113069257
13069.69,2548.7627113069257
0.0,5352.159395860422
0.0,2548.7627113069257
0.0,27240.997704569567
0.0,2548.7627113069257
12074.11,4536.068649687358
0.0,42464.392756542
0.0,2548.7627113069257
0.0,2900.561921460326
0.0,2548.7627113069257
0.0,2548.7627113069257
0.0,2548.7627113069257
2048.72,2548.7627113069257
0.0,2548.7627113069257
0.0,2548.7627113069257
0.0,2548.7627113069257
0.0,2548.7627113069257
0.0,2548.7627113069257
3330.5,3782.6332947460755
0.0,2548.7627113069257
0.0,2548.7627113069257
0.0,2548.7627113069257
0.0,2548.7627113069257
0.0,2548.7627113069257
0.0,2548.7627113069257
0.0,2548.7627113069257
0.0,3010.954326853197
9984.04,2548.7627113069257
41329.020000000004,14195.497462117639
0.0,2548.7627113069257
0.0,3986.461545048783
0.0,89268.65696394708
0.0,2548.7627113069257
0.0,3986.461545048783
0.0,2548.7627113069257
0.0,2548.7627113069257
0.0,64709.20741695988
0.0,3010.954326853197
0.0,94136.2504445542
9324.98,46555.31936237521
12901.57,68732.10312906172
0.0,2548.7627113069257
32910.55,12902.648957243278
16457.1,212757.76024752334
0.0,2548.7627113069257
0.0,222887.36568848634
0.0,2548.7627113069257
0.0,2548.7627113069257
0.0,2548.7627113069257
0.0,2548.7627113069257
492135.01,237909.10558526003
0.0,3106.242492852198
0.0,2548.7627113069257
0.0,2548.7627113069257
118437.35,40690.94506405528
0.0,3010.954326853197
0.0,2548.7627113069257
0.0,2548.7627113069257
0.0,2548.7627113069257
0.0,2548.7627113069257
3627.91,2548.7627113069257
0.0,2548.7627113069257
0.0,2548.7627113069257
0.0,2548.7627113069257
0.0,2548.7627113069257
0.0,2548.7627113069257
777.66,5352.159395860422
3290.78,1308.7312814765678
0.0,3146.006688117165
0.0,2548.7627113069257
109935.86,11089.144115883526
0.0,2548.7627113069257
0.0,2548.7627113069257
0.0,2548.7627113069257
61986.62,62840.83191649582
0.0,3986.461545048783
0.0,2548.7627113069257
0.0,2548.7627113069257
0.0,425883.01348999667
0.0,87356.10889047747
0.0,2548.7627113069257
0.0,2548.7627113069257
0.0,2548.7627113069257
0.0,2548.7627113069257
0.0,2548.7627113069257
0.0,2548.7627113069257
0.0,2548.7627113069257
0.0,2548.7627113069257
0.0,2548.7627113069257
0.0,2548.7627113069257
50168.5,5352.159395860422
1962.03,2548.7627113069257
0.0,2548.7627113069257
0.0,2548.7627113069257
39298.259999999995,53081.76827065205
0.0,2548.7627113069257
78198.4,65546.6221087422
0.0,2548.7627113069257
0.0,2548.7627113069257
0.0,2548.7627113069257
0.0,2548.7627113069257
0.0,2548.7627113069257
0.0,2548.7627113069257
0.0,12093.171870636123
0.0,2548.7627113069257
0.0,5387.5154036406375
0.0,2548.7627113069257
0.0,2548.7627113069257
0.0,6105.5947508017025
0.0,2548.7627113069257
0.0,2548.7627113069257
0.0,2548.7627113069257
0.0,2900.561921460326
0.0,46751.38109227075
2202.96,2754.7482581890495
0.0,2548.7627113069257
914054.84,311397.1676459785
12166.95,3782.6332947460755
14241.94,17272.599766314164
0.0,2548.7627113069257
0.0,2548.7627113069257
0.0,2548.7627113069257
5268.12,2548.7627113069257
0.0,28984.460566102567
0.0,2548.7627113069257
0.0,2548.7627113069257
0.0,2548.7627113069257
43657.84,67036.50661018619
0.0,2548.7627113069257
0.0,2548.7627113069257
0.0,2548.7627113069257
0.0,2548.7627113069257
0.0,2548.7627113069257
0.0,2548.7627113069257
0.0,2548.7627113069257
0.0,2548.7627113069257
0.0,2548.7627113069257
0.0,2548.7627113069257
0.0,2548.7627113069257
1446.35,2548.7627113069257
2289.26,2548.7627113069257
0.0,2934.003390509452
7518.0,20116.00581953167
0.0,2548.7627113069257
2637.25,5352.159395860422
0.0,2548.7627113069257
1813.3,90478.02644673079
23346.18,6105.5947508017025
12455.89,5352.159395860422
2573.85,2548.7627113069257
0.0,2900.561921460326
0.0,2548.7627113069257
0.0,38.95051337258328
0.0,2548.7627113069257
0.0,2548.7627113069257
0.0,2548.7627113069257
0.0,2548.7627113069257
0.0,2548.7627113069257
1939.15,17874.25674463815
15156.08,5352.159395860422
0.0,2548.7627113069257
0.0,2548.7627113069257
0.0,2548.7627113069257
2949.2000000000003,3010.954326853197
668809.36,287894.8389579955
413664.28,193706.37199195652
0.0,38444.927204098436
0.0,2548.7627113069257
0.0,2548.7627113069257
0.0,2548.7627113069257
0.0,213095.92041809505
0.0,2548.7627113069257
0.0,2548.7627113069257
0.0,3106.242492852198
0.0,2548.7627113069257
0.0,2548.7627113069257
0.0,2548.7627113069257
0.0,2548.7627113069257
4925.09,3782.6332947460755
10612.98,5387.5154036406375
0.0,2548.7627113069257
0.0,5352.159395860422
0.0,2548.7627113069257
0.0,2548.7627113069257
0.0,2548.7627113069257
0.0,2548.7627113069257
0.0,2900.561921460326
0.0,2548.7627113069257
0.0,2548.7627113069257
3654.14,15271.036215769504
0.0,2548.7627113069257
1284.49,5352.159395860422
0.0,2548.7627113069257
0.0,2548.7627113069257
1042.42,90724.23522400291
0.0,2548.7627113069257
0.0,2548.7627113069257
17902.93,5352.159395860422
0.0,2548.7627113069257
0.0,2548.7627113069257
0.0,2548.7627113069257
4422.77,5352.159395860422
0.0,2548.7627113069257
0.0,2548.7627113069257
0.0,2548.7627113069257
0.0,2548.7627113069257
0.0,3986.461545048783
0.0,2548.7627113069257
0.0,3986.461545048783
0.0,3010.954326853197
0.0,2548.7627113069257
13461.99,56567.289664119075
0.0,11005.320306163754
13460.13,257224.45180312873
3331.0,3782.6332947460755
0.0,2548.7627113069257
0.0,2548.7627113069257
0.0,99859.54734788003
0.0,2548.7627113069257
0.0,2548.7627113069257
0.0,2548.7627113069257
0.0,2548.7627113069257
0.0,52872.5711484191
0.0,70166.5037419864
105819.43000000001,83592.3081816247
0.0,2548.7627113069257
6637.18,12046.346291304922
0.0,2548.7627113069257
0.0,2548.7627113069257
3752.13,2950.9540587247575
0.0,3010.954326853197
0.0,18601.174316142202
0.0,2548.7627113069257
0.0,2548.7627113069257
106869.2,20867.907584138833
0.0,5387.5154036406375
0.0,2548.7627113069257
1877.7,11732.191020694787
0.0,4021.817552828999
0.0,2548.7627113069257
0.0,2548.7627113069257
0.0,2548.7627113069257
0.0,2548.7627113069257
0.0,2548.7627113069257
0.0,3106.242492852198
0.0,2548.7627113069257
0.0,2548.7627113069257
0.0,2548.7627113069257
0.0,2548.7627113069257
0.0,3782.6332947460755
0.0,2548.7627113069257
48825.82,105139.30841051301
0.0,2548.7627113069257
1059.73,2548.7627113069257
0.0,55555.38261153086
0.0,2548.7627113069257
0.0,5352.159395860422
0.0,2548.7627113069257
0.0,35614.07629679474
0.0,2548.7627113069257
0.0,3822.3974900110425
0.0,2548.7627113069257
0.0,2548.7627113069257
0.0,2548.7627113069257
4770.43,-4957.293363145652
0.0,2548.7627113069257
0.0,2548.7627113069257
0.0,2548.7627113069257
0.0,2548.7627113069257
0.0,8022.967685058515
141880.9,42351.20921552867
0.0,2548.7627113069257
0.0,2548.7627113069257
0.0,3782.6332947460755
3400.74,2548.7627113069257
0.0,2548.7627113069257
0.0,2548.7627113069257
2155.3,2548.7627113069257
0.0,2950.9540587247575
0.0,2548.7627113069257
0.0,2548.7627113069257
0.0,2548.7627113069257
3235.95,5387.5154036406375
0.0,2548.7627113069257
0.0,2548.7627113069257
0.0,2548.7627113069257
0.0,2548.7627113069257
0.0,2548.7627113069257
47585.54,112986.25316525473
0.0,16446.863907985615
4757.29,5387.5154036406375
1962.61,2548.7627113069257
0.0,2548.7627113069257
0.0,2548.7627113069257
0.0,2548.7627113069257
0.0,2548.7627113069257
0.0,6140.950758581918
0.0,2548.7627113069257
0.0,2548.7627113069257
4471.02,2950.9540587247575
0.0,2548.7627113069257
0.0,2548.7627113069257
0.0,2548.7627113069257
0.0,2548.7627113069257
0.0,2548.7627113069257
0.0,2548.7627113069257
0.0,15989.621763712992
0.0,40460.153578333266
0.0,2548.7627113069257
0.0,10175.341506417168
0.0,2548.7627113069257
0.0,2548.7627113069257
0.0,2548.7627113069257
0.0,46324.43204547869
0.0,28435.171208237494
0.0,2548.7627113069257
0.0,2548.7627113069257
0.0,2548.7627113069257
0.0,2548.7627113069257
0.0,2548.7627113069257
1365.19,170247.52815281608
0.0,2548.7627113069257
64740.229999999996,302694.1779295571
0.0,2548.7627113069257
0.0,2548.7627113069257
0.0,2548.7627113069257
0.0,2548.7627113069257
0.0,2548.7627113069257
4178.29,6105.5947508017025
0.0,2548.7627113069257
0.0,3782.6332947460755
0.0,2548.7627113069257
0.0,2548.7627113069257
0.0,3106.242492852198
0.0,2548.7627113069257
0.0,2548.7627113069257
0.0,2548.7627113069257
0.0,2548.7627113069257
0.0,2548.7627113069257
159257.97,23367.538252137216
0.0,2548.7627113069257
0.0,2548.7627113069257
32642.92,5521.307384498579
1438.31,40617.46575399622
34784.12,6105.5947508017025
0.0,2548.7627113069257
0.0,2548.7627113069257
0.0,2950.9540587247575
0.0,2548.7627113069257
0.0,2548.7627113069257
0.0,2548.7627113069257
0.0,3010.954326853197
0.0,2548.7627113069257
0.0,2548.7627113069257
253.44,2548.7627113069257
0.0,2950.9540587247575
0.0,43042.452915434376
0.0,2548.7627113069257
0.0,2934.003390509452
272467.19,8410.836111509456
12965.97,3986.461545048783
0.0,2548.7627113069257
0.0,2548.7627113069257
0.0,2548.7627113069257
0.0,2548.7627113069257
709.21,75038.21796758575
0.0,2548.7627113069257
0.0,2548.7627113069257
0.0,2934.003390509452
0.0,2934.003390509452
0.0,2548.7627113069257
0.0,2548.7627113069257
0.0,2548.7627113069257
0.0,2548.7627113069257
0.0,2548.7627113069257
53085.939999999995,218417.330618727
0.0,2548.7627113069257
0.0,2548.7627113069257
0.0,2548.7627113069257
0.0,2548.7627113069257
0.0,2548.7627113069257
0.0,2548.7627113069257
0.0,2633.564159853449
0.0,2548.7627113069257
0.0,2548.7627113069257
0.0,2548.7627113069257
0.0,2548.7627113069257
0.0,2548.7627113069257
0.0,2548.7627113069257
0.0,2548.7627113069257
0.0,2548.7627113069257
0.0,2548.7627113069257
0.0,2548.7627113069257
0.0,2548.7627113069257
0.0,2548.7627113069257
0.0,48420.41191380747
0.0,2548.7627113069257
0.0,2548.7627113069257
0.0,2548.7627113069257
0.0,2548.7627113069257
3350.8900000000003,2548.7627113069257
0.0,95132.27134703848
0.0,2548.7627113069257
0.0,2548.7627113069257
0.0,2548.7627113069257
0.0,2548.7627113069257
0.0,2548.7627113069257
0.0,2548.7627113069257
23455.579999999998,6105.5947508017025
0.0,3254.626343660078
0.0,2548.7627113069257
0.0,2548.7627113069257
0.0,3782.6332947460755
0.0,3254.626343660078
0.0,2548.7627113069257
0.0,2934.003390509452
0.0,2548.7627113069257
0.0,3822.3974900110425
0.0,2548.7627113069257
0.0,3986.461545048783
0.0,2548.7627113069257
0.0,2548.7627113069257
0.0,2548.7627113069257
99401.66,53486.29772386786
0.0,2548.7627113069257
0.0,2548.7627113069257
0.0,2548.7627113069257
99925.93,85678.67771881212
1767.05,5387.5154036406375
0.0,2548.7627113069257
0.0,2548.7627113069257
0.0,2548.7627113069257
0.0,2548.7627113069257
2743.98,5387.5154036406375
0.0,2548.7627113069257
3638.7200000000003,2548.7627113069257
2778.3199999999997,3010.954326853197
0.0,2548.7627113069257
0.0,2548.7627113069257
0.0,3106.242492852198
0.0,2548.7627113069257
0.0,2548.7627113069257
0.0,2548.7627113069257
2997.03,5998.505471441215
0.0,2548.7627113069257
0.0,3010.954326853197
0.0,27561.753344004253
46457.06,159742.86904436504
0.0,2548.7627113069257
0.0,2548.7627113069257
0.0,2548.7627113069257
284244.64,47870.77890926442
1425.34,2548.7627113069257
0.0,2548.7627113069257
13146.6,2548.7627113069257
5572.52,42968.62012276785
0.0,2548.7627113069257
0.0,2548.7627113069257
0.0,48730.86331691342
0.0,2548.7627113069257
0.0,2548.7627113069257
0.0,2548.7627113069257
0.0,2548.7627113069257
0.0,2548.7627113069257
0.0,2548.7627113069257
0.0,3986.461545048783
711.03,3822.3974900110425
0.0,2548.7627113069257
0.0,2548.7627113069257
0.0,2548.7627113069257
597.15,2548.7627113069257
0.0,2548.7627113069257
0.0,2548.7627113069257
4216.87,45349.056981391666
0.0,2548.7627113069257
0.0,2548.7627113069257
0.0,2548.7627113069257
0.0,2548.7627113069257
0.0,3010.954326853197
0.0,2548.7627113069257
0.0,5596.454596059789
0.0,39077.548079106404
0.0,2548.7627113069257
0.0,2548.7627113069257
0.0,2548.7627113069257
0.0,2548.7627113069257
0.0,2548.7627113069257
0.0,4021.817552828999
35957.99,5387.5154036406375
0.0,2548.7627113069257
9496.8,2548.7627113069257
0.0,2548.7627113069257
0.0,2548.7627113069257
0.0,19996.336700722743
0.0,-882.212909944219
0.0,2950.9540587247575
0.0,2548.7627113069257
0.0,2548.7627113069257
0.0,2548.7627113069257
0.0,2548.7627113069257
0.0,2548.7627113069257
0.0,17042.886160289392
0.0,2548.7627113069257
0.0,2548.7627113069257
27478.329999999998,5352.159395860422
0.0,2548.7627113069257
0.0,2548.7627113069257
7939.01,6105.5947508017025
0.0,2548.7627113069257
587328.1,256766.44966091338
0.0,2548.7627113069257
0.0,2548.7627113069257
0.0,2548.7627113069257
0.0,2548.7627113069257
0.0,2548.7627113069257
1197.86,248597.4017605583
0.0,2548.7627113069257
0.0,2548.7627113069257
26385.39,2548.7627113069257
0.0,2548.7627113069257
0.0,2548.7627113069257
0.0,2548.7627113069257
0.0,2548.7627113069257
0.0,5387.5154036406375
4624.23,2548.7627113069257
197453.99,196520.07496188773
23759.079999999998,3106.242492852198
0.0,2548.7627113069257
0.0,3146.006688117165
8060.110000000001,5352.159395860422
0.0,2548.7627113069257
0.0,67445.07876199002
0.0,2548.7627113069257
0.0,3789.9732414638834
0.0,23191.812530442778
0.0,2548.7627113069257
0.0,2548.7627113069257
2728.41,3822.3974900110425
0.0,2548.7627113069257
0.0,2548.7627113069257
0.0,4021.817552828999
0.0,2548.7627113069257
0.0,15535.454670519315
0.0,48306.74547478357
0.0,119710.49873381999
0.0,2548.7627113069257
0.0,2548.7627113069257
0.0,2548.7627113069257
0.0,2548.7627113069257
0.0,2548.7627113069257
0.0,2548.7627113069257
0.0,2548.7627113069257
17454.36,6105.5947508017025
0.0,2548.7627113069257
0.0,3106.242492852198
0.0,7368.423687267166
0.0,2548.7627113069257
0.0,2548.7627113069257
0.0,2548.7627113069257
714.85,2548.7627113069257
0.0,3782.6332947460755
0.0,2548.7627113069257
0.0,2548.7627113069257
0.0,2548.7627113069257
0.0,74225.38677165248
1998.92,6105.5947508017025
0.0,2548.7627113069257
0.0,2548.7627113069257
0.0,3782.6332947460755
0.0,2548.7627113069257
0.0,2548.7627113069257
0.0,2548.7627113069257
1225.05,5352.159395860422
40934.86,6140.950758581918
0.0,2548.7627113069257
0.0,4575.832844952324
0.0,2548.7627113069257
322729.12,55286.6650156761
0.0,3106.242492852198
0.0,2548.7627113069257
0.0,2548.7627113069257
0.0,2548.7627113069257
0.0,3822.3974900110425
0.0,2548.7627113069257
0.0,2548.7627113069257
7014.37,5387.5154036406375
518556.52,122703.7682932871
0.0,2548.7627113069257
5980.41,2950.9540587247575
0.0,2548.7627113069257
0.0,2548.7627113069257
0.0,5352.159395860422
0.0,3106.242492852198
0.0,2548.7627113069257
0.0,2548.7627113069257
0.0,2548.7627113069257
0.0,2548.7627113069257
0.0,3782.6332947460755
0.0,2548.7627113069257
0.0,2934.003390509452
0.0,2548.7627113069257
0.0,2548.7627113069257
0.0,2548.7627113069257
0.0,3106.242492852198
0.0,20174.21231438647
0.0,50001.748870904994
0.0,2548.7627113069257
0.0,2548.7627113069257
2776.15,43162.60778593364
0.0,2548.7627113069257
0.0,2548.7627113069257
0.0,2548.7627113069257
2233.35,3254.626343660078
1964.13,3010.954326853197
0.0,2548.7627113069257
0.0,18414.28923029285
107901.79,59506.458348912915
0.0,2548.7627113069257
0.0,2548.7627113069257
0.0,2548.7627113069257
0.0,2548.7627113069257
0.0,2548.7627113069257
0.0,2548.7627113069257
0.0,2548.7627113069257
0.0,2548.7627113069257
0.0,2548.7627113069257
0.0,2548.7627113069257
0.0,2548.7627113069257
0.0,2548.7627113069257
0.0,2548.7627113069257
0.0,2548.7627113069257
0.0,3986.461545048783
0.0,2548.7627113069257
0.0,2548.7627113069257
0.0,3106.242492852198
0.0,2548.7627113069257
0.0,2548.7627113069257
0.0,2548.7627113069257
0.0,2548.7627113069257
0.0,2548.7627113069257
2348.49,3782.6332947460755
0.0,2548.7627113069257
0.0,25899.24829590256
9547.19,5352.159395860422
0.0,2548.7627113069257
0.0,2548.7627113069257
0.0,2548.7627113069257
0.0,228093.17229772967
0.0,2548.7627113069257
0.0,2548.7627113069257
0.0,2548.7627113069257
0.0,2548.7627113069257
0.0,2548.7627113069257
0.0,2548.7627113069257
0.0,2548.7627113069257
0.0,2548.7627113069257
0.0,2548.7627113069257
3486.67,6105.5947508017025
0.0,2548.7627113069257
0.0,3782.6332947460755
736.95,3782.6332947460755
8193.68,22464.42962403231
0.0,3782.6332947460755
0.0,2548.7627113069257
0.0,2548.7627113069257
0.0,2548.7627113069257
0.0,2548.7627113069257
0.0,2548.7627113069257
0.0,2548.7627113069257
4972.129999999999,5352.159395860422
0.0,3986.461545048783
3028.36,2548.7627113069257
0.0,114588.17069432407
0.0,2548.7627113069257
0.0,2548.7627113069257
0.0,2548.7627113069257
0.0,2548.7627113069257
0.0,2548.7627113069257
0.0,2548.7627113069257
0.0,4536.068649687358
0.0,2548.7627113069257
0.0,2548.7627113069257
0.0,2548.7627113069257
0.0,3782.6332947460755
0.0,390.9333108348654
0.0,2548.7627113069257
0.0,2548.7627113069257
146536.29,109800.49131159131
0.0,77459.26314535152
0.0,2548.7627113069257
3484.98,6105.5947508017025
0.0,65844.84295077022
0.0,3106.242492852198
0.0,2548.7627113069257
0.0,2548.7627113069257
0.0,2548.7627113069257
0.0,2548.7627113069257
16960.45,26853.416712469985
0.0,2548.7627113069257
4692.58,3010.954326853197
0.0,2548.7627113069257
0.0,2548.7627113069257
0.0,86272.4737528951
0.0,2548.7627113069257
0.0,2548.7627113069257
0.0,3146.006688117165
0.0,2548.7627113069257
4945.04,5352.159395860422
0.0,2548.7627113069257
0.0,2548.7627113069257
0.0,2548.7627113069257
0.0,2548.7627113069257
1652.67,6105.5947508017025
0.0,2548.7627113069257
0.0,26324.965859546657
199968.95,239828.98402081252
9541.07,28317.166047228355
95080.4,60618.89758933561
0.0,3782.6332947460755
0.0,2548.7627113069257
0.0,2548.7627113069257
0.0,65844.84295077022
0.0,5352.159395860422
271221.68000000005,168267.9589754363
0.0,3782.6332947460755
0.0,2548.7627113069257
0.0,2548.7627113069257
31857.42,22244.55540307524
0.0,2548.7627113069257
0.0,39270.29627703449
0.0,2548.7627113069257
0.0,61531.64136664572
0.0,2548.7627113069257
0.0,2548.7627113069257
0.0,3782.6332947460755
16241.87,2548.7627113069257
0.0,2548.7627113069257
0.0,2548.7627113069257
2783.37,5352.159395860422
16575.52,39014.60505253958
0.0,2548.7627113069257
0.0,2548.7627113069257
0.0,2548.7627113069257
0.0,3822.3974900110425
0.0,2548.7627113069257
18131.67,38892.43369980396
0.0,2548.7627113069257
0.0,2548.7627113069257
0.0,38943.078378017635
0.0,2548.7627113069257
0.0,2548.7627113069257
0.0,3106.242492852198
0.0,2548.7627113069257
0.0,2548.7627113069257
41541.2,54649.06381271706
0.0,2548.7627113069257
481849.77,305087.68735564465
0.0,2548.7627113069257
0.0,5387.5154036406375
20119.7,3782.6332947460755
0.0,2548.7627113069257
6136.9,6105.5947508017025
41236.6,15918.237552206476
0.0,2548.7627113069257
0.0,2548.7627113069257
0.0,2548.7627113069257
0.0,2548.7627113069257
0.0,2548.7627113069257
0.0,3782.6332947460755
0.0,52821.5894926175
0.0,2548.7627113069257
0.0,2548.7627113069257
0.0,2548.7627113069257
0.0,2548.7627113069257
0.0,3782.6332947460755
49126.91,34365.90406632304
0.0,2548.7627113069257
10702.869999999999,3106.242492852198
0.0,2548.7627113069257
0.0,2950.9540587247575
14975.36,4351.042008211587
0.0,2548.7627113069257
0.0,2548.7627113069257
0.0,2548.7627113069257
0.0,2548.7627113069257
0.0,5352.159395860422
0.0,24613.36551740259
0.0,2548.7627113069257
0.0,11726.641958384593
0.0,6373.647917677375
5250.18,2548.7627113069257
0.0,2548.7627113069257
0.0,2548.7627113069257
0.0,2548.7627113069257
0.0,2548.7627113069257
0.0,2548.7627113069257
18324.11,65849.58137367979
1523.93,5352.159395860422
0.0,2548.7627113069257
8460.32,18982.546948850275
0.0,2900.561921460326
4685.65,25692.50434558951
0.0,2548.7627113069257
0.0,2548.7627113069257
0.0,2548.7627113069257
985757.15,270541.06069963495
0.0,2548.7627113069257
2950.4,6105.5947508017025
0.0,2548.7627113069257
0.0,2548.7627113069257
0.0,2548.7627113069257
0.0,5352.159395860422
0.0,2548.7627113069257
0.0,2548.7627113069257
0.0,2548.7627113069257
0.0,2548.7627113069257
0.0,2548.7627113069257
0.0,2548.7627113069257
0.0,2548.7627113069257
0.0,2548.7627113069257
0.0,2950.9540587247575
0.0,33971.34273198769
0.0,259217.70536338637
0.0,2548.7627113069257
0.0,66700.56859049734
0.0,2548.7627113069257
0.0,2548.7627113069257
0.0,2548.7627113069257
0.0,2548.7627113069257
0.0,2548.7627113069257
0.0,21072.67932468986
886847.96,359687.98207544314
0.0,4021.817552828999
0.0,5352.159395860422
0.0,2548.7627113069257
0.0,2548.7627113069257
0.0,2548.7627113069257
0.0,2548.7627113069257
0.0,2548.7627113069257
0.0,2548.7627113069257
0.0,2548.7627113069257
0.0,2548.7627113069257
17737.47,15305.88615788611
0.0,2548.7627113069257
0.0,2548.7627113069257
16219.279999999999,3822.3974900110425
0.0,2548.7627113069257
0.0,3822.3974900110425
0.0,2548.7627113069257
0.0,3986.461545048783
0.0,2548.7627113069257
767693.09,372392.7485726443
14121.14,6033.861479221431
0.0,5387.5154036406375
5999.700000000001,3782.6332947460755
167567.15,181109.22867083273
0.0,3010.954326853197
0.0,2548.7627113069257
47899.16,38730.15767252122
0.0,2548.7627113069257
47441.13,29154.203944360765
329391.15,287894.8389579955
0.0,2548.7627113069257
20209.65,37923.85591444521
0.0,2548.7627113069257
0.0,2548.7627113069257
0.0,2548.7627113069257
0.0,2548.7627113069257
0.0,2548.7627113069257
0.0,2548.7627113069257
0.0,2548.7627113069257
0.0,2548.7627113069257
0.0,2548.7627113069257
0.0,2548.7627113069257
0.0,2548.7627113069257
753.73,3782.6332947460755
0.0,3106.242492852198
0.0,3106.242492852198
0.0,3782.6332947460755
0.0,2548.7627113069257
0.0,69842.10456094639
3731.87,3822.3974900110425
0.0,3106.242492852198
7097.870000000001,6105.5947508017025
0.0,3312.7047258405546
0.0,-7107.669708453015
0.0,2548.7627113069257
67369.43000000001,24700.632736553453
0.0,2548.7627113069257
0.0,2548.7627113069257
0.0,2548.7627113069257
0.0,2548.7627113069257
0.0,2548.7627113069257
0.0,2548.7627113069257
5292.68,233383.82299692603
0.0,2548.7627113069257
0.0,76899.93790852342
0.0,2548.7627113069257
0.0,152350.01155862623
2795.72,5352.159395860422
0.0,2548.7627113069257
0.0,2548.7627113069257
0.0,2548.7627113069257
0.0,3986.461545048783
4295.96,4575.832844952324
0.0,2548.7627113069257
0.0,2548.7627113069257
0.0,3822.3974900110425
0.0,2548.7627113069257
7151.49,88145.18452038779
111136.0,224101.3829874804
0.0,20894.519039044877
0.0,2548.7627113069257
0.0,2548.7627113069257
0.0,2548.7627113069257
0.0,2548.7627113069257
0.0,2548.7627113069257
163512.57,295890.48130170983
0.0,2548.7627113069257
0.0,2548.7627113069257
0.0,3986.461545048783
0.0,2548.7627113069257
0.0,2548.7627113069257
0.0,2548.7627113069257
0.0,2548.7627113069257
0.0,2548.7627113069257
0.0,3106.242492852198
0.0,2548.7627113069257
0.0,2548.7627113069257
0.0,3106.242492852198
0.0,2548.7627113069257
0.0,5387.5154036406375
0.0,2548.7627113069257
0.0,2934.003390509452
0.0,6105.5947508017025
0.0,2548.7627113069257
0.0,2548.7627113069257
0.0,5352.159395860422
16265.130000000001,15667.701173021505
11863.09,2548.7627113069257
0.0,2548.7627113069257
0.0,2548.7627113069257
0.0,2548.7627113069257
0.0,-3121.568831546945
0.0,2548.7627113069257
0.0,2548.7627113069257
0.0,2548.7627113069257
0.0,2548.7627113069257
0.0,2548.7627113069257
0.0,2548.7627113069257
13675.64,6105.5947508017025
33224.18,13683.069380135144
0.0,2548.7627113069257
0.0,2548.7627113069257
7029.39,5352.159395860422
0.0,2548.7627113069257
0.0,2548.7627113069257
0.0,2548.7627113069257
0.0,2548.7627113069257
13268.11,12453.863440947425
0.0,21621.413551716665
0.0,2548.7627113069257
0.0,2548.7627113069257
29840.800000000003,34145.58664296011
0.0,156289.60675512775
0.0,2548.7627113069257
0.0,2548.7627113069257
0.0,2548.7627113069257
0.0,2548.7627113069257
0.0,2548.7627113069257
7205.89,2548.7627113069257
0.0,2548.7627113069257
750135.6,180934.77657561994
0.0,2548.7627113069257
0.0,2548.7627113069257
0.0,2548.7627113069257
0.0,2950.9540587247575
0.0,3010.954326853197
0.0,3986.461545048783
0.0,2548.7627113069257
0.0,2548.7627113069257
0.0,2548.7627113069257
0.0,2548.7627113069257
0.0,2548.7627113069257
0.0,2548.7627113069257
0.0,4021.817552828999
0.0,2548.7627113069257
0.0,2548.7627113069257
845345.25,455190.4545700755
847678.36,210350.62517985213
3260.51,3822.3974900110425
0.0,2548.7627113069257
0.0,3010.954326853197
0.0,2548.7627113069257
0.0,3146.006688117165
0.0,2548.7627113069257
0.0,17754.44792478358
0.0,4021.817552828999
0.0,2548.7627113069257
0.0,2548.7627113069257
0.0,2548.7627113069257
3544.8,15892.25946207766
0.0,2548.7627113069257
0.0,2548.7627113069257
0.0,2548.7627113069257
0.0,2548.7627113069257
0.0,2548.7627113069257
0.0,25937.037559432436
20250.690000000002,74749.29618314722
0.0,2548.7627113069257
0.0,2548.7627113069257
0.0,2548.7627113069257
0.0,5352.159395860422
306297.64,186601.14715652488
0.0,3146.006688117165
0.0,3010.954326853197
0.0,2548.7627113069257
12053.3,5352.159395860422
0.0,2548.7627113069257
7577.82,1402.1372551317133
0.0,2548.7627113069257
17813.879999999997,5352.159395860422
7814.13,2548.7627113069257
0.0,2548.7627113069257
17081.71,8296.59129130791
0.0,2548.7627113069257
16051.390000000001,5352.159395860422
0.0,2548.7627113069257
0.0,2548.7627113069257
0.0,5352.159395860422
2749.29,5352.159395860422
0.0,2900.561921460326
1282.38,5352.159395860422
0.0,2548.7627113069257
0.0,2548.7627113069257
0.0,15818.017202367559
0.0,120044.64207846092
0.0,3822.3974900110425
13016.929999999998,2548.7627113069257
15485.51,287894.8389579955
0.0,2548.7627113069257
0.0,2548.7627113069257
0.0,2548.7627113069257
0.0,3782.6332947460755
0.0,2548.7627113069257
0.0,2548.7627113069257
16933.04,19312.56727164433
0.0,2548.7627113069257
0.0,2548.7627113069257
0.0,2548.7627113069257
0.0,2548.7627113069257
0.0,2548.7627113069257
0.0,2548.7627113069257
0.0,6148.686347452866
0.0,2548.7627113069257
0.0,2548.7627113069257
238269.57,49028.38107639457
0.0,2548.7627113069257
3775.76,2950.9540587247575
9870.91,2548.7627113069257
0.0,2548.7627113069257
0.0,2548.7627113069257
0.0,2934.003390509452
0.0,2548.7627113069257
0.0,2548.7627113069257
1236.99,4351.042008211587
0.0,2548.7627113069257
0.0,3782.6332947460755
0.0,3782.6332947460755
0.0,4536.068649687358
0.0,2548.7627113069257
0.0,83808.65229091795
6260.17,77237.05219966017
0.0,2548.7627113069257
0.0,4536.068649687358
0.0,2548.7627113069257
0.0,2548.7627113069257
12564.08,66154.78078361085
0.0,2548.7627113069257
52461.55,192325.52630627507
0.0,28340.65457890636
0.0,17075.72208670196
0.0,22937.245085661474
0.0,65116.79898498469
0.0,2548.7627113069257
0.0,2548.7627113069257
0.0,2548.7627113069257
0.0,2548.7627113069257
0.0,2548.7627113069257
8939.34,47194.35280025041
0.0,2548.7627113069257
0.0,2548.7627113069257
13601.11,16731.292817523503
0.0,2548.7627113069257
0.0,2548.7627113069257
0.0,2548.7627113069257
0.0,3106.242492852198
0.0,2548.7627113069257
0.0,3624.7928093355217
0.0,3010.954326853197
0.0,15802.722753398972
